Titulo,Precio,Metros,Precio_m2,Ubicacion,Link,lat,lon
Proyecto en construcción,8750000.0,9000.0,972.22,Centro,https://www.lamudi.com.mx/desarrollo/41032-73-47c6c22a8dae-801b-8e0d1967-af59-4533,20.967805604280763,-89.62373596160234
Casa en Fraccionamiento en Venta en Dzibichaltun,6685000.0,259.0,25810.81,Mérida,https://www.lamudi.com.mx/detalle/41032-73-70263179e956-c8db-d951d972-b80f-462c,20.9670759,-89.6237402
Departamento en Venta en Mérida Centro,6700000.0,190.0,35263.16,Mérida Centro,https://www.lamudi.com.mx/detalle/41032-73-d1e1fa07834b-f216-1902bb6-95c4-7e90,20.967296427718818,-89.62359071929549
Lote / Terreno en Venta en Temozon Norte,16250000.0,2500.0,6500.0,Temozón Norte,https://www.lamudi.com.mx/detalle/41032-73-1e41a8ce050e-2e7a-19af18b-99ac-7b7f,21.065322642211513,-89.63375435368293
Lote / Terreno en Venta en Yucatán Country Club,1382260.0,251.32,5500.0,Country Club,https://www.lamudi.com.mx/detalle/41032-73-84b3f6c76d4e-6697-1995593-a81c-704d,21.080066744400945,-89.60089302591665
Casa en Fraccionamiento en Venta en Cholul,4995000.0,500.0,9990.0,Cholul,https://www.lamudi.com.mx/detalle/41032-73-c5de557dc9e8-acb6-199de66-9ed2-7249,21.045985927241404,-89.55146277310493
Villa en Venta en Dzibichaltun,5300000.0,241.0,21991.7,Mérida,https://www.lamudi.com.mx/detalle/41032-73-61850e1f5db3-af04-199de7f-9f91-7797,20.966598171759113,-89.62337622475495
Casa en Condominio en Venta en Chablekal,7350000.0,337.5,21777.78,Mérida,https://www.lamudi.com.mx/detalle/41032-73-afe851173019-80f5-199de72-8066-7824,20.967148171785496,-89.62373416121179
Lote / Terreno en Venta en Cholul,13000000.0,10000.0,1300.0,Cholul,https://www.lamudi.com.mx/detalle/41032-73-3d1a19ade1a3-dd28-199de93-b99b-73d8,21.04559429417522,-89.55127859002249
Lote / Terreno en Venta en Tamanche,1850000.0,289.0,6401.38,Cabo Norte,https://www.lamudi.com.mx/detalle/41032-73-3e243a308bce-d272-19acac0-a84f-7719,21.03809220730235,-89.59348837167438
Casa en Venta en Cholul,4950000.0,330.6,14972.78,Cholul,https://www.lamudi.com.mx/detalle/41032-73-c862535084e2-7651-19ac09a-88c5-79db,21.045105841704384,-89.55204379172507
Casa en Venta en Chablekal,10157485.0,22.4,453459.15,Mérida,https://www.lamudi.com.mx/detalle/41032-73-ae3489e3c1bc-93e5-198f15b-b608-74ac,20.966918531249675,-89.62342522331245
Departamento en Venta en Temozon Norte,2942878.0,62.0,47465.77,Temozón Norte,https://www.lamudi.com.mx/detalle/41032-73-725f0ac4b262-79f2-198f15c-813e-7ed0,21.065442186749927,-89.63330671534457
Departamento en Venta en Temozon Norte,2450000.0,45.0,54444.44,Mérida,https://www.lamudi.com.mx/detalle/41032-73-887fee3e687b-ea55-198f155-a26f-7dfc,20.967442903444812,-89.62340545180501
Lote / Terreno en Venta en Temozon Norte,2000000.0,400.0,5000.0,Temozón Norte,https://www.lamudi.com.mx/detalle/41032-73-8643cd877a3b-53f8-19ac313-96bc-7b03,21.06532186744714,-89.633680722069
Lote / Terreno en Venta en Dzitya,2600000.0,915.87,2838.83,Mérida,https://www.lamudi.com.mx/detalle/41032-73-7af4f8fd1fad-d9ca-198f156-982d-7703,20.96746505077745,-89.62388053397403
Casa en Venta en Temozon Norte,7300000.0,301.0,24252.49,Temozón Norte,https://www.lamudi.com.mx/detalle/41032-73-3b2e6cfd698b-1180-19af17a-9f20-7250,21.065668442475037,-89.63361059558333
Lote / Terreno en Venta en La Rejoyada,1390000.0,657.0,2115.68,Mérida,https://www.lamudi.com.mx/detalle/41032-73-bfabe9cd39ad-acec-199319a-9079-75cf,20.967172254501655,-89.62332811159855
Casa en Venta en Chablekal,3880000.0,190.0,20421.05,Centro,https://www.lamudi.com.mx/detalle/41032-73-5732fec745-8405-18f31e8-b117-77f4,20.967783341331586,-89.62363664126077
Casa en Venta en Cholul,3100000.0,200.0,15500.0,Cholul,https://www.lamudi.com.mx/detalle/41032-73-bb13e9932376-d1a-19a2c2f-8f6b-7312,21.045198954162803,-89.55146493504128
Casa en Venta en Cholul,5499000.0,272.0,20216.91,Cholul,https://www.lamudi.com.mx/detalle/41032-73-44218507707f-be31-19636f2-b0fc-704c,21.04597486277264,-89.55194452388687
Casa en Venta en Cholul,5150000.0,229.0,22489.08,Cholul,https://www.lamudi.com.mx/detalle/41032-73-3bd7eede9de8-845a-19636e0-b0fc-704c,21.045705366777987,-89.55188208848296
Lote / Terreno en Venta en Cholul,1432213.0,286.0,5007.74,Cholul,https://www.lamudi.com.mx/detalle/41032-73-4c8e7206922a-54c5-196370b-b0fc-704c,21.045858904737145,-89.55139561119668
Lote / Terreno en Venta en Cholul,87602500.0,35041.0,2500.0,Cholul,https://www.lamudi.com.mx/detalle/41032-73-80692a8b9e79-8b01-196a688-a081-7e1b,21.045981536599392,-89.55191058894816
Departamento en Venta en Temozon Norte,3570000.0,102.0,35000.0,Temozón Norte,https://www.lamudi.com.mx/detalle/41032-73-8d48d6b4688-69d6-1956ee3-aec1-7e41,21.065487245716376,-89.63335446896389
Departamento en Venta en Temozon Norte,2250000.0,78.0,28846.15,Temozón Norte,https://www.lamudi.com.mx/detalle/41032-73-5a796952cecf-b96d-19a28d1-8204-7f5a,21.065444494493523,-89.63428755381048
Lote / Terreno en Venta en Cholul,914799.0,250.63,3650.0,Cholul,https://www.lamudi.com.mx/detalle/41032-73-5870819f01ca-4e1a-19615bd-a3c3-7d86,21.0455764930747,-89.55206648096949
Casa en Venta en Cholul,5450000.0,230.0,23695.65,Cholul,https://www.lamudi.com.mx/detalle/41032-73-4022f6e456e7-3fd2-19af211-bd30-73ad,21.045603142236605,-89.55168253240421
Lote / Terreno en Venta en Dzitya,1078088.0,200.0,5390.44,Dzityá,https://www.lamudi.com.mx/detalle/41032-73-2a274de3923e-989b-19b4ebd-8121-7eee,21.05072011195318,-89.68072923458266
Departamento en Venta en Temozon Norte,3585000.0,94.9,37776.61,Temozón Norte,https://www.lamudi.com.mx/detalle/41032-73-299e50a9883c-8095-19b3a30-9ae2-7516,21.065401018945636,-89.6333270009006
Lote / Terreno en Venta en Temozon Norte,2047500.0,270.37,7572.96,Mérida,https://www.lamudi.com.mx/detalle/41032-73-a72ed80ee3f4-c69d-19b282a-bab2-758b,20.966797246238848,-89.6241813699233
Lote / Terreno en Venta en Dzitya,1206369.0,331.42,3640.0,Dzityá,https://www.lamudi.com.mx/detalle/41032-73-b5a1a969d12b-f289-19b06a1-b690-7965,21.050201589412715,-89.68047264577304
Casa en Venta en Dzitya,3280000.0,160.0,20500.0,Dzityá,https://www.lamudi.com.mx/detalle/41032-73-b4e7d82b5dce-9968-19877fc-99a5-7e1e,21.05029051897474,-89.68004357551868
Casa en Venta en Yucatán Country Club,19750000.0,400.0,49375.0,Country Club,https://www.lamudi.com.mx/detalle/41032-73-b790fec33686-4bfa-19a0ec9-b5d5-76fa,21.08022842576907,-89.60078684673108
Casa en Condominio en Venta en Cholul,6350000.0,24000.0,264.58,Cholul,https://www.lamudi.com.mx/detalle/41032-73-a414ec5a25ae-45fc-19a5c3b-9dae-7661,21.045600783874768,-89.55114153580153
Casa en Venta en Dzitya,11500000.0,1051.0,10941.96,Dzityá,https://www.lamudi.com.mx/detalle/41032-73-6f03b5e19ceb-877a-19b7232-92b4-7a1e,21.050959158041664,-89.68043997534849
Casa en Venta en Dzitya,11500000.0,1052.0,10931.56,Mérida,https://www.lamudi.com.mx/detalle/41032-73-1c48ef80c7ee-42fb-19b723d-905c-77be,20.96665861895388,-89.62328199369897
Casa en Venta en Dzitya,9800000.0,535.0,18317.76,Mérida,https://www.lamudi.com.mx/detalle/41032-73-4915f1ffda28-8c27-19b7233-a512-7305,20.96667607750684,-89.62329729052145
Casa en Venta en Komchen,15900000.0,254.26,62534.41,Mérida,https://www.lamudi.com.mx/detalle/41032-73-3a92f6732c06-29cf-19b722b-8bf2-7809,20.967496518331508,-89.62349261293615
Lote / Terreno en Venta en Yucatán Country Club,7119580.0,1024.0,6952.71,Country Club,https://www.lamudi.com.mx/detalle/41032-73-4e057134eb8b-965d-f14501d-9e88-4025,21.080521328682934,-89.60012354952123
Lote / Terreno en Venta en Yucatán Country Club,12188800.0,1172.0,10400.0,Country Club,https://www.lamudi.com.mx/detalle/41032-73-2ea68bba1b8f-b4a7-197670c-a276-7e85,21.08019794577955,-89.60098428678508
Lote / Terreno en Venta en Tamanche,1000000.0,307.0,3257.33,Mérida,https://www.lamudi.com.mx/detalle/41032-73-56f68a339cd5-44c3-19733da-9085-799e,20.966743274410966,-89.62417535395294
Lote / Terreno en Venta en Yucatán Country Club,9740000.0,983.0,9908.44,Country Club,https://www.lamudi.com.mx/detalle/41032-73-4944528590c6-ef5b-271bbca7-8c72-3079,21.08097828942103,-89.60002158938158
Casa en Venta en Temozon Norte,8000000.0,387.0,20671.83,Mérida,https://www.lamudi.com.mx/detalle/41032-73-dce6e72123f4-26bc-5fbad71e-869a-3575,20.967459429229695,-89.62378640643445
Casa en Venta en Cholul,3550000.0,279.0,12724.01,Cholul,https://www.lamudi.com.mx/detalle/41032-73-d448e7cf878b-ab31-1973e20-89a4-7794,21.045778594042787,-89.55137801114832
Departamento en Venta en Xcunyá,8926183.0,207.0,43121.66,Mérida,https://www.lamudi.com.mx/detalle/41032-73-4f19c741a820-fe15-c4c5f1ff-b86e-3dc5,20.967326938026396,-89.62354254495415
Casa en Venta en Chablekal,7650000.0,340.0,22500.0,Mérida,https://www.lamudi.com.mx/detalle/41032-73-2f8255306f17-375a-19b1095-8281-7669,20.967114731048717,-89.62344344038547
Casa en Venta en Cholul,4940000.0,306.0,16143.79,Cholul,https://www.lamudi.com.mx/detalle/41032-73-7f1192a9d803-5336-196b7f1-b62c-780b,21.045591500396768,-89.55160143296695
Departamento en Venta en Temozon Norte,4521700.0,108.5,41674.65,Temozón Norte,https://www.lamudi.com.mx/detalle/41032-73-ca65fc16e8ed-1aa6-dee7bd05-9274-4042,21.065924162926205,-89.6341488416821
Lote / Terreno en Venta en Temozon Norte,5516170.0,1002.94,5500.0,Mérida,https://www.lamudi.com.mx/detalle/41032-73-dad44374a591-ee59-197d33a-8a14-7cfe,20.966981066784843,-89.62349233168514
Lote / Terreno en Venta en Cholul,2103159.0,225.0,9347.37,Cholul,https://www.lamudi.com.mx/detalle/41032-73-914dd217fefd-59-1962803-a163-7d64,21.04566959545016,-89.55152308945155
Casa en Venta en Cholul,3690000.0,306.0,12058.82,Cholul,https://www.lamudi.com.mx/detalle/41032-73-3605023855e-4133-2395c9ae-a7e6-357c,21.045255663539322,-89.55192074627878
Casa en Venta en Cholul,6500000.0,306.0,21241.83,Cholul,https://www.lamudi.com.mx/detalle/41032-73-dace16caf796-5903-19a801e-ad2d-72d7,21.045565494698245,-89.55144776848917
Departamento en Venta en Temozon Norte,2300000.0,55.0,41818.18,Mérida,https://www.lamudi.com.mx/detalle/41032-73-8a9db3c7fa48-973c-198e42b-8a1c-77a0,20.966706265810547,-89.6240851163755
Casa en Venta en Dzitya,5100000.0,170.0,30000.0,Centro,https://www.lamudi.com.mx/detalle/41032-73-2bdeacc4fcc5-430-194b0ca-90b0-7050,20.968007927196805,-89.62418768579064
Departamento en Venta en Cholul,3490595.0,76.0,45928.88,Cholul,https://www.lamudi.com.mx/detalle/41032-73-e7c20788e02-1160-19b05ff-9f1e-75a5,21.045547815843495,-89.55161630307806
Casa en Venta en Dzitya,4350000.0,253.0,17193.68,Mérida,https://www.lamudi.com.mx/detalle/41032-73-593ca52b4b6-7e1-77dbe057-8ba0-316c,20.967047216099402,-89.6239814482525
Lote / Terreno en Venta en Cosgaya,6000000.0,28065.0,213.79,Mérida,https://www.lamudi.com.mx/detalle/41032-73-b7d884577b94-7058-64b98f13-8260-328b,20.966775856431028,-89.62351090210599
Casa en Venta en Cholul,4380000.0,184.0,23804.35,Cholul,https://www.lamudi.com.mx/detalle/41032-73-32d637b10055-2cdd-1987fa9-960b-793a,21.045857134302004,-89.55123154630664
Lote / Terreno en Venta en Temozon Norte,3297100.0,334.0,9871.56,Centro,https://www.lamudi.com.mx/detalle/41032-73-fcc9df605b8a-3655-1995a8f-9111-78ac,20.96739800985981,-89.62375351450794
Departamento en Venta en Temozon Norte,2750000.0,73.4,37465.94,Temozón Norte,https://www.lamudi.com.mx/detalle/41032-73-6502a1e2d562-451a-19429e3-beef-7283,21.065028115421537,-89.63414021050285
Casa en Venta en Cholul,5428000.0,275.0,19738.18,Cholul,https://www.lamudi.com.mx/detalle/41032-73-31187686771c-b31c-191e413-8c97-7cc2,21.045764497169944,-89.5511059082671
Lote / Terreno en Venta en Dzitya,3000000.0,1000.0,3000.0,Dzityá,https://www.lamudi.com.mx/detalle/41032-73-248305f3dab9-26ab-1995a8f-9041-7bed,21.050289821927567,-89.68069977531633
Casa en Venta en Dzitya,5800000.0,493.0,11764.71,Mérida,https://www.lamudi.com.mx/detalle/41032-73-51549807c752-dbdd-1904fae-b3bf-79b2,20.966859664290666,-89.62357187565132
Lote / Terreno en Venta en Tamanche,8306760.0,1510.0,5501.17,Mérida,https://www.lamudi.com.mx/detalle/41032-73-b2d431fc524-7bc9-19ae1f6-a43a-7c60,20.967257621298234,-89.62368859598341
Casa en Venta en Vicente Solis,4495000.0,95.0,47315.79,Centro,https://www.lamudi.com.mx/detalle/41032-73-d0f4c8c4a9ce-6c2a-19ac138-b82f-7177,20.967171146885466,-89.62331528435135
Casa en Venta en Montebello,8500000.0,470.0,18085.11,Centro,https://www.lamudi.com.mx/detalle/41032-73-e55c98112de-56f-19a3fb1-94c9-75b0,20.967963967463607,-89.62383733221482
Casa en Venta en Temozon Norte,5200000.0,223.0,23318.39,Temozón Norte,https://www.lamudi.com.mx/detalle/41032-73-2291c29f3298-85eb-19ac137-9162-74ab,21.065664230817433,-89.63369465819324
Casa en Venta en Yucatán Country Club,17980000.0,500.0,35960.0,Country Club,https://www.lamudi.com.mx/detalle/41032-73-158fc535c6fd-7d11-1976751-a904-7bd7,21.080511303304142,-89.60035647244271
Departamento en Venta en Yucatán Country Club,5500000.0,170.0,32352.94,Country Club,https://www.lamudi.com.mx/detalle/41032-73-e8981c7d8079-d055-197005e-a508-7661,21.080689900453763,-89.60000696905728
Casa en Venta en Yucatán Country Club,17980000.0,500.0,35960.0,Country Club,https://www.lamudi.com.mx/detalle/41032-73-f4928c3eb089-3638-1976274-8e38-736f,21.080607320232648,-89.6008729760966
Casa en Venta en Yucatán Country Club,17980000.0,430.0,41813.95,Country Club,https://www.lamudi.com.mx/detalle/41032-73-39753ca56028-c950-197005f-b696-7143,21.080837949930046,-89.60018017005127
Casa en Venta en Yucatán Country Club,9450000.0,305.0,30983.61,Country Club,https://www.lamudi.com.mx/detalle/41032-73-29125444086-5e38-1939f03-867c-78d0,21.080191943712112,-89.6006054169052
Lote / Terreno en Venta en Yucatán Country Club,2717850.0,362.38,7500.0,Centro,https://www.lamudi.com.mx/detalle/41032-73-cbbd3ec3b49c-3e87-19a99d9-b2bf-7773,20.96742520549201,-89.6232369071807
Casa en Venta en Temozon Norte,3946617.0,205.0,19251.79,Centro,https://www.lamudi.com.mx/detalle/41032-73-bf48be59fbd7-197a-192fa32-8d95-7630,20.967895974269624,-89.62374017874416
Departamento en Venta en Temozon Norte,2499000.0,97.0,25762.89,Temozón Norte,https://www.lamudi.com.mx/detalle/41032-73-875c9900249d-f7ee-726f3b2f-9590-4fa1,21.065868801020805,-89.6335195705927
Lote / Terreno en Venta en Yucatán Country Club,2161005.0,392.21,5509.82,Country Club,https://www.lamudi.com.mx/detalle/41032-73-f53209ad2aba-5fb6-193b39c-afbd-7a1f,21.080246140283013,-89.60044272121829
Lote / Terreno en Venta en Cholul,7000000.0,1714.9,4081.87,Cholul,https://www.lamudi.com.mx/detalle/41032-73-692f6b69e975-b7af-1959cbc-8568-7dde,21.04577186064647,-89.5519274516123
Departamento en Venta en Temozon Norte,2550000.0,70.0,36428.57,Mérida,https://www.lamudi.com.mx/detalle/41032-73-69760c5b6c9a-4673-19594ec-b23f-70cb,20.96684797048419,-89.62342639320826
Lote / Terreno en Venta en Dzitya,17542545.0,3604.0,4867.52,Mérida,https://www.lamudi.com.mx/detalle/41032-73-a0125fb2f9cb-921f-1935700-89ce-7c45,20.96751991278511,-89.62339086819364
Lote / Terreno en Venta en Cholul,21698813.0,72329.379,300.0,Cholul,https://www.lamudi.com.mx/detalle/41032-73-7a147c2e3ef3-32a4-198c2a0-8531-70f5,21.045683014906047,-89.55153949411098
Lote / Terreno en Venta en Cholul,1550000.0,382.58,4051.44,Cholul,https://www.lamudi.com.mx/detalle/41032-73-b855947a94a0-55dc-1940af8-837e-7c22,21.04565214591038,-89.55170960208484
Lote / Terreno en Venta en Yucatán Country Club,4536532.0,589.16,7700.0,Country Club,https://www.lamudi.com.mx/detalle/41032-73-2d0db24106b8-c761-19529c3-a2e8-7d9a,21.080839199598483,-89.60028637512463
Lote / Terreno en Venta en Cholul,1570000.0,419.75,3740.32,Cholul,https://www.lamudi.com.mx/detalle/41032-73-e22394c252e2-9810-1934776-a59f-7b89,21.045940357143802,-89.55175809946351
Lote / Terreno en Venta en Temozon Norte,2963156.0,383.63,7723.99,Centro,https://www.lamudi.com.mx/detalle/41032-73-ebc370e6558f-9859-c8b99009-b6dc-3d36,20.967783355458746,-89.62337093177459
Lote / Terreno en Venta en Cholul,4099480.0,2888.0,1419.49,Cholul,https://www.lamudi.com.mx/detalle/41032-73-4c4e058b7dfa-f471-1984494-8173-7366,21.045920701730676,-89.55112725475892
Departamento en Venta en Temozon Norte,4390000.0,105.0,41809.52,Temozón Norte,https://www.lamudi.com.mx/detalle/41032-73-d2a4da06ca8f-b117-6c44d200-afd2-491c,21.065480871781553,-89.63386833169302
Lote / Terreno en Venta en Yucatán Country Club,4766550.0,635.54,7500.0,Centro,https://www.lamudi.com.mx/detalle/41032-73-1c63edbdfb4c-13de-1958597-9637-7612,20.96804949874908,-89.62359535363873
Lote / Terreno en Venta en Temozon Norte,1050000.0,160.67,6535.13,Mérida,https://www.lamudi.com.mx/detalle/41032-73-2583baa9a192-5cd8-1979fde-8fbd-7256,20.96690887042082,-89.6242345697586
Lote / Terreno en Venta en Dzitya,1620000.0,540.0,3000.0,Mérida,https://www.lamudi.com.mx/detalle/41032-73-4012426ea424-253f-1904d1e-b6d9-7439,20.967348006064086,-89.62349637747404
Casa en Condominio en Venta en Mérida,15990000.0,659.0,24264.04,Centro,https://www.lamudi.com.mx/detalle/41032-73-537d476b25a5-4a16-1931e40-814d-7f0e,20.967577268348464,-89.62410148321973
Casa en Condominio en Venta en Mérida Centro,6025000.0,178.25,33800.84,Mérida Centro,https://www.lamudi.com.mx/detalle/41032-73-5e4c1129e06f-b396-1909f7e-a799-7d42,20.967894955259446,-89.62407644847185
Departamento en Venta en Temozon Norte,3750000.0,102.4,36621.09,Mérida,https://www.lamudi.com.mx/detalle/41032-73-b4b14a15a27f-c781-1971f6c-a125-7b4e,20.966844108219266,-89.6238512490484
Casa en Condominio en Venta en Komchen,9389000.0,370.0,25375.68,Mérida,https://www.lamudi.com.mx/detalle/41032-73-9d9cc6af3691-a2b6-199dea4-8a00-74e7,20.96682379181709,-89.62353345343801
Casa en Condominio en Venta en Cholul,3850000.0,203.0,18965.52,Cholul,https://www.lamudi.com.mx/detalle/41032-73-75edf5699c55-5134-196e645-9795-7350,21.046054334966662,-89.55170966442623
Lote / Terreno en Venta en Chablekal,1977683.0,306.0,6463.02,Centro,https://www.lamudi.com.mx/detalle/41032-73-fb727dee5397-2b5e-32624ded-87f3-3af3,20.967380593376674,-89.62336398882223
Casa en Condominio en Venta en Dzibichaltun,14000000.0,460.0,30434.78,Country Club,https://www.lamudi.com.mx/detalle/41032-73-47011b5fe908-f0ef-199dec5-ae0e-73c8,21.080172399032215,-89.60078854088118
Casa en Venta en Cholul,3890000.0,224.0,17366.07,Cholul,https://www.lamudi.com.mx/detalle/41032-73-3dc794e361b2-9d5-8885ff7c-9fad-3925,21.04589685155901,-89.55121736306063
Casa en Venta en Cholul,3105000.0,152.0,20427.63,Cholul,https://www.lamudi.com.mx/detalle/41032-73-dac5c26031ac-1b6a-1981df6-8ba9-7d8e,21.04597265255787,-89.55152358703037
Lote / Terreno en Venta en Dzitya,3211000.0,1009.0,3182.36,Dzityá,https://www.lamudi.com.mx/detalle/41032-73-433178d19827-ba7e-19a75f5-afec-73b3,21.050809726856848,-89.68042917313235
Casa en Venta en Cholul,3606000.0,126.0,28619.05,Cholul,https://www.lamudi.com.mx/detalle/41032-73-417a5dc1dcd0-b3e2-198a12c-8573-7748,21.04570560056559,-89.55185079656114
Departamento en Venta en Temozon Norte,4089000.0,104.24,39226.78,Mérida,https://www.lamudi.com.mx/detalle/41032-73-85769dd8699b-7df5-1976757-977f-7df6,20.96726771537483,-89.62422085326304
Departamento en Venta en Temozon Norte,9600000.0,112.0,85714.29,Centro,https://www.lamudi.com.mx/detalle/41032-73-3370f78289d8-a18f-1967789-b480-7494,20.967264513430624,-89.62366256861188
Casa en Venta en Temozon Norte,6415007.0,194.0,33067.05,Mérida,https://www.lamudi.com.mx/detalle/41032-73-b048eae6519d-f09b-19436c1-8f8a-761f,20.96727847551691,-89.62354620695528
Departamento en Venta en Temozon Norte,15401085.0,346.0,44511.81,Mérida,https://www.lamudi.com.mx/detalle/41032-73-8692c9366308-255a-a3be0c18-a58d-3867,20.967039746645753,-89.62388256170985
Lote / Terreno en Venta en Tamanche,8306760.0,1510.0,5501.17,Centro,https://www.lamudi.com.mx/detalle/41032-73-d268575ade92-9ed8-1956ea4-b7cb-7c36,20.96794381648614,-89.6240799275508
Lote / Terreno en Venta en Dzitya,27477380.0,9813.35,2800.0,Mérida,https://www.lamudi.com.mx/detalle/41032-73-b1903437a19e-10032-192d61a-a71b-7ddc,20.966631457187038,-89.62392182365679
Casa en Condominio en Venta en Temozon Norte,6295000.0,279.0,22562.72,Temozón Norte,https://www.lamudi.com.mx/detalle/41032-73-5838248c9ad6-232d-1925048-a5aa-7b5b,21.065329466127004,-89.6342089961376
Lote / Terreno en Venta en Temozon Norte,19500000.0,3000.0,6500.0,Centro,https://www.lamudi.com.mx/detalle/41032-73-7d6c321baa29-6b5-1975793-bfc3-7d51,20.967124737557153,-89.62378000743195
Departamento en Venta en Temozon Norte,2557400.0,52.0,49180.77,Temozón Norte,https://www.lamudi.com.mx/detalle/41032-73-198f642c5c39-d26-19530d8-a33a-7689,21.065314184117504,-89.63372010706993
Departamento en Venta en Temozon Norte,2450000.0,45.0,54444.44,Mérida,https://www.lamudi.com.mx/detalle/41032-73-973d80d31e96-3b08-a2d86bd5-9fdc-3ef2,20.96659171727086,-89.62396800767407
Lote / Terreno en Venta en Temozon Norte,24979500.0,3843.0,6500.0,Temozón Norte,https://www.lamudi.com.mx/detalle/41032-73-44279c420116-116-1947240-8ac5-7f47,21.065636580865682,-89.63336050857801
Casa en Venta en Komchen,5980000.0,600.0,9966.67,Mérida,https://www.lamudi.com.mx/detalle/41032-73-5f5396da5565-2429-19ad7aa-8efb-7a46,20.967387701913136,-89.62338299459
Departamento en Venta en San Antonio Cucul,5253859.0,95.0,55303.78,Mérida,https://www.lamudi.com.mx/detalle/41032-73-203eb6df03b7-5e0b-1966b02-8f6d-79d8,20.967304346910396,-89.62363875160247
Lote / Terreno en Venta en Dzitya,6016400.0,2314.0,2600.0,Mérida,https://www.lamudi.com.mx/detalle/41032-73-1d8f185b3eef-4f18-198a66c-b839-7c0d,20.967432199293007,-89.62413584399876
Lote / Terreno en Venta en Cholul,1318500.0,293.0,4500.0,Cholul,https://www.lamudi.com.mx/detalle/41032-73-a7d9795071c9-9b64-19841dd-b0fe-773a,21.045865471307238,-89.55206062205689
Lote / Terreno en Venta en Cholul,9489482.0,2251.36,4215.0,Cholul,https://www.lamudi.com.mx/detalle/41032-73-ad44de44b9d3-fe87-1983f57-914f-7c60,21.045105737703597,-89.5511753124816
Departamento en Venta en Temozon Norte,2290000.0,57.95,39516.82,Mérida,https://www.lamudi.com.mx/detalle/41032-73-81edc1b037ca-3d1c-197ed36-8ac4-75af,20.96708437129683,-89.62401131855711
Casa en Venta en Temozon Norte,4670000.0,251.0,18605.58,Temozón Norte,https://www.lamudi.com.mx/detalle/41032-73-7ec81e8dace4-b23a-192271d-8d89-77d5,21.065539824858956,-89.63426017173762
Lote / Terreno en Venta en Komchen,2000000.0,2000.0,1000.0,Mérida,https://www.lamudi.com.mx/detalle/41032-73-cde5bf2666df-d79-1961ddf-a074-711d,20.966682298337716,-89.62353450386411
Lote / Terreno en Venta en Temozon Norte,1701720.0,326.0,5220.0,Mérida,https://www.lamudi.com.mx/detalle/41032-73-f6aeaabd8a84-4447-1929351-9ab8-733f,20.967002322968234,-89.62409805585465
Lote / Terreno en Venta en Cholul,2500000.0,765.0,3267.97,Cholul,https://www.lamudi.com.mx/detalle/41032-73-60e16063702d-17e6-1930f0c-a5ba-7066,21.045189234000024,-89.55160972601088
Lote / Terreno en Venta en Temozon Norte,4318700.0,432.0,9996.99,Temozón Norte,https://www.lamudi.com.mx/detalle/41032-73-20d47d2f45ad-60f8-1992c57-b09b-778b,21.065098595116,-89.63332143021697
Casa en Venta en Cholul,4100000.0,245.0,16734.69,Cholul,https://www.lamudi.com.mx/detalle/41032-73-52554f36747a-e41-19a9eff-a20b-767b,21.045870638590483,-89.55175401621405
Casa en Venta en Dzitya,9800000.0,11.0,890909.09,Centro,https://www.lamudi.com.mx/detalle/41032-73-1192a8fc54bd-1e93-19a04b6-a669-7eb3,20.9680760726445,-89.62355701732717
Casa en Venta en Temozon Norte,3848000.0,117.89,32640.6,Temozón Norte,https://www.lamudi.com.mx/detalle/41032-73-1303a0f0c659-687a-198f15b-8ad5-7622,21.06577764152523,-89.6342262839466
Departamento en Venta en Temozon Norte,3520000.0,66.22,53156.15,Temozón Norte,https://www.lamudi.com.mx/detalle/41032-73-3a719f240e4c-1ed4-198f15b-ab71-7bf0,21.065843531007094,-89.63406534410343
Casa en Venta en Cholul,4910000.0,277.43,17698.16,Cholul,https://www.lamudi.com.mx/detalle/41032-73-681c95d5799e-4799-198f155-afbd-7178,21.045893193022252,-89.5516826653413
Casa en Condominio en Venta en Yucatán Country Club,20000000.0,600.0,33333.33,Centro,https://www.lamudi.com.mx/detalle/41032-73-814fec0ec06e-a552-198f14e-9a39-790e,20.967581973308622,-89.62327741552456
Departamento en Venta en Temozon Norte,2850000.0,81.0,35185.19,Mérida,https://www.lamudi.com.mx/detalle/41032-73-2d6b72fc2c93-e521-19a9efe-b612-7a13,20.966964295996902,-89.623661030704
Departamento en Venta en Cholul,10980878.0,152.5,72005.76,Cholul,https://www.lamudi.com.mx/detalle/41032-73-386f1f229d75-f370-198f158-9b56-7590,21.04518458659773,-89.55151751010554
Departamento en Venta en Temozon Norte,2549000.0,82.87,30759.02,Centro,https://www.lamudi.com.mx/detalle/41032-73-8e68efc082ec-95d9-198f154-b899-772f,20.967109151665333,-89.62333280599091
Casa en Condominio en Venta en Temozon Norte,4740000.0,224.0,21160.71,Centro,https://www.lamudi.com.mx/detalle/41032-73-3f64b8e86df9-42b6-198f153-8198-794d,20.967715523021496,-89.62408131261367
Departamento en Venta en Temozon Norte,2059094.0,49.0,42022.33,Temozón Norte,https://www.lamudi.com.mx/detalle/41032-73-b0cb4c4d17c4-2ffd-198f14e-9247-7740,21.065577481997494,-89.6337045237105
Casa en Venta en Temozon Norte,4295000.0,263.89,16275.72,Temozón Norte,https://www.lamudi.com.mx/detalle/41032-73-a2b5a32ed235-716e-198f15a-a55f-76ef,21.065852757982455,-89.63400917228992
Departamento en Venta en Santa Gertrudis Copo,6437000.0,104.0,61894.23,Mérida,https://www.lamudi.com.mx/detalle/41032-73-2573d4597b94-1d23-198f15a-8c55-7677,20.966660469172357,-89.62375002644083
Lote / Terreno en Venta en Dzitya,6016400.0,2314.0,2600.0,Mérida,https://www.lamudi.com.mx/detalle/41032-73-2767f9f140e3-21fa-198f157-b9eb-7d76,20.967214893664956,-89.62395779038711
Departamento en Venta en Cholul,1745000.0,42.0,41547.62,Cholul,https://www.lamudi.com.mx/detalle/41032-73-bb7d9590224-6bbd-198f156-bce6-7929,21.04547629809748,-89.55150209130247
Lote / Terreno en Venta en Yucatán Country Club,5000000.0,660.86,7565.9,Centro,https://www.lamudi.com.mx/detalle/41032-73-d9e20ace49ec-9798-198f155-a98d-71c1,20.96723788442669,-89.62399224505324
Departamento en Venta en Temozon Norte,2803000.0,74.06,37847.69,Temozón Norte,https://www.lamudi.com.mx/detalle/41032-73-c8aaed45018f-dd2a-198f153-a6de-7bee,21.065061387618186,-89.63339257596365
Lote / Terreno en Venta en Cholul,1147500.0,30.39,37759.13,Cholul,https://www.lamudi.com.mx/detalle/41032-73-9e47cf251d3d-ab8c-198f14f-ae0a-78e0,21.045913541040076,-89.55134166382268
Casa en Venta en Yucatán Country Club,30000000.0,627.29,47824.77,Centro,https://www.lamudi.com.mx/detalle/41032-73-703f8f3142e1-8681-19aa97a-b9ab-73c1,20.967934128274038,-89.62367720848017
Departamento en Venta en Dzitya,2549000.0,77.0,33103.9,Centro,https://www.lamudi.com.mx/detalle/41032-73-d21f714f419a-b5cf-198f151-b199-7af3,20.967168573451847,-89.6238741873327
Departamento en Venta en Cholul,7684205.0,74.88,102620.26,Cholul,https://www.lamudi.com.mx/detalle/41032-73-510811d18b5a-6a94-198f159-9540-7a67,21.045379990634068,-89.55184650586416
Departamento en Venta en Dzitya,2480000.0,60.0,41333.33,Mérida,https://www.lamudi.com.mx/detalle/41032-73-b29279444067-7c2a-198f150-a46b-77d6,20.967290374551222,-89.62406574932912
Casa en Venta en Yucatán Country Club,3880000.0,125.21,30987.94,Centro,https://www.lamudi.com.mx/detalle/41032-73-391fb79d1602-1c7b-198f150-88e7-7ddb,20.9678397085595,-89.62373464101219
Casa en Venta en Dzitya,6795000.0,602.0,11287.38,Mérida,https://www.lamudi.com.mx/detalle/41032-73-1ae44dc44e48-ead5-198f157-97d8-7d68,20.967283753354245,-89.62358332238966
Lote / Terreno en Venta en Dzitya,2347056.0,869.28,2700.0,Dzityá,https://www.lamudi.com.mx/detalle/41032-73-34a910e7d065-7ad9-199f549-b341-764b,21.050247513099837,-89.68085951550542
Lote / Terreno en Venta en Cholul,2650000.0,499.03,5310.3,Cholul,https://www.lamudi.com.mx/detalle/41032-73-40bdad394604-a05d-19912bc-bc8f-73ae,21.045506460605026,-89.5518444515762
Lote / Terreno en Venta en Temozon Norte,3182256.0,662.97,4800.0,Mérida,https://www.lamudi.com.mx/detalle/41032-73-f5f2ca0852eb-63da-198f159-9ed4-7aa1,20.967549400946904,-89.62404147070269
Departamento en Venta en Cholul,8577355.0,92.59,92638.03,Cholul,https://www.lamudi.com.mx/detalle/41032-73-4008383adb66-727b-198f152-929d-73f1,21.04510021431114,-89.5519332053504
Casa en Venta en Komchen,8050000.0,430.0,18720.93,Mérida,https://www.lamudi.com.mx/detalle/41032-73-82cea5a18fba-e636-198f151-81d3-7372,20.96703279049411,-89.62381531690049
Departamento en Venta en Temozon Norte,3220000.0,64.43,49976.72,Temozón Norte,https://www.lamudi.com.mx/detalle/41032-73-d6a010009963-ca19-198f15b-a4cf-730e,21.065970339665146,-89.63342490469985
Casa en Venta en Dzitya,4650000.0,300.0,15500.0,Centro,https://www.lamudi.com.mx/detalle/41032-73-38ae99dffdb3-3791-198f157-9069-7e15,20.967872645484082,-89.62374934387627
Casa en Venta en Chablekal,6800000.0,1737.09,3914.59,Centro,https://www.lamudi.com.mx/detalle/41032-73-2958881a3ac2-563-198f155-bd4a-7a29,20.967828675472827,-89.6237455881438
Departamento en Venta en Temozon Norte,2684850.0,82.12,32694.23,Centro,https://www.lamudi.com.mx/detalle/41032-73-ee2d3aa9515-c3e5-198f151-b8df-7e57,20.967897289701213,-89.6232682120547
Casa en Condominio en Venta en Cholul,4490000.0,334.36,13428.64,Cholul,https://www.lamudi.com.mx/detalle/41032-73-cbfa925d1a0c-13e9-199c93f-9601-7967,21.045773555976087,-89.5512610560043
Casa en Venta en Cholul,6200000.0,395.0,15696.2,Cholul,https://www.lamudi.com.mx/detalle/41032-73-50a0a4cdeeef-2a7f-198f153-961e-7081,21.045678353163357,-89.5517902671367
Lote / Terreno en Venta en Dzitya,1320000.0,371.36,3554.5,Dzityá,https://www.lamudi.com.mx/detalle/41032-73-497dc4d3f865-d7dd-198f151-b39c-77dc,21.050753415441648,-89.68047025170705
Lote / Terreno en Venta en Dzitya,1255875.0,502.35,2500.0,Dzityá,https://www.lamudi.com.mx/detalle/41032-73-90cb77d0b69d-c3d7-199f549-9a65-7b4b,21.05090405335743,-89.68087574235872
Departamento en Venta en Temozon Norte,3995000.0,118.58,33690.34,Temozón Norte,https://www.lamudi.com.mx/detalle/41032-73-255f43bf8ce1-fd62-198f15a-9bcb-789b,21.065388086767868,-89.63428018942362
Lote / Terreno en Venta en Tamanche,2382432.0,458.0,5201.82,Mérida,https://www.lamudi.com.mx/detalle/41032-73-43ce4dac6211-9acc-198f150-80fe-75bc,20.967416971805697,-89.62356720229512
Lote / Terreno en Venta en Dzitya,4698000.0,1740.0,2700.0,Centro,https://www.lamudi.com.mx/detalle/41032-73-4c80b37359b3-e942-199f549-9c68-739f,20.967354641596177,-89.62418319134979
Lote / Terreno en Venta en Dzitya,2365455.0,871.5,2714.23,Centro,https://www.lamudi.com.mx/detalle/41032-73-9f36ea8eccb5-a509-199f549-89de-7def,20.96724838964221,-89.62373191422864
Casa en Venta en Cholul,3990000.0,0.0,0.0,Cholul,https://www.lamudi.com.mx/detalle/41032-73-1d5ca9113fcc-bf24-193716f-8a11-7843,21.046064758048644,-89.55124105954938
Departamento en Venta en Santa Gertrudis Copo,4979000.0,92.0,54119.57,Centro,https://www.lamudi.com.mx/detalle/41032-73-4690d12aa9bd-b29b-19a0ac7-9b8b-7f28,20.967306237395018,-89.62373487488235
Casa en Venta en Yucatán Country Club,15690000.0,410.16,38253.36,Country Club,https://www.lamudi.com.mx/detalle/41032-73-bee211d3e4a8-220a-19a0abd-9b21-791f,21.080065166067723,-89.60070384557707
Casa en Venta en Yucatán Country Club,9985000.0,368.0,27133.15,Centro,https://www.lamudi.com.mx/detalle/41032-73-423926f9a361-b7b1-19a0a5d-b048-7bd7,20.96790146529016,-89.62383105479849
Casa en Venta en Temozon Norte,5375000.0,188.76,28475.31,Temozón Norte,https://www.lamudi.com.mx/detalle/41032-73-83ea9aba7e92-17a1-19a8a66-92b4-74ea,21.065942890035814,-89.63385196282938
Departamento en Venta en Temozon Norte,2900000.0,112.0,25892.86,Temozón Norte,https://www.lamudi.com.mx/detalle/41032-73-eb758d56c9ec-a75e-19a0a66-b33c-76d1,21.06503038838455,-89.63421745169725
Lote / Terreno en Venta en Cholul,2652865.0,422.8,6274.52,Cholul,https://www.lamudi.com.mx/detalle/41032-73-d141a7dd2709-e331-19a7337-b486-73c7,21.045822822486137,-89.55205820360115
Lote / Terreno en Venta en Dzitya,6200000.0,793.0,7818.41,Mérida,https://www.lamudi.com.mx/detalle/41032-73-4a15bf170e54-472e-198782a-8bc3-7e61,20.96663662057806,-89.62415711169646
Departamento en Venta en Temozon Norte,2995000.0,0.0,0.0,Temozón Norte,https://www.lamudi.com.mx/detalle/41032-73-1daf17ce9317-ba1d-19a787d-accb-7cf1,21.065690269628128,-89.63371822685095
Casa en Venta en Cholul,4120000.0,327.27,12588.99,Cholul,https://www.lamudi.com.mx/detalle/41032-73-77686ce4ad22-659d-19af686-a4e7-7446,21.045874318259717,-89.55141821274215
Casa en Venta en Cholul,3690000.0,267.0,13820.22,Cholul,https://www.lamudi.com.mx/detalle/41032-73-5a1dba6ea9cf-c05-197fc59-8b98-704d,21.04559753594507,-89.5514035254505
Lote / Terreno en Venta en Dzitya,4698000.0,1740.0,2700.0,Mérida,https://www.lamudi.com.mx/detalle/41032-73-abc77b0cadac-1cf1-197aa08-8839-7ec4,20.96737050765149,-89.62339940280113
Lote / Terreno en Venta en San Francisco Chuburna,2050000.0,401.58,5104.84,Temozón Norte,https://www.lamudi.com.mx/detalle/41032-73-e7543ca7e381-ccef-19b053a-995f-76a5,21.06532602858999,-89.63357342522565
Casa en Venta en Temozon Norte,4090000.0,203.0,20147.78,Mérida,https://www.lamudi.com.mx/detalle/41032-73-d00ad3caf2ee-7b52-1693d652-93e5-3ca5,20.967390705986375,-89.62350664062143
Lote / Terreno en Venta en Royal del Parque,29000000.0,10005.38,2898.44,Mérida,https://www.lamudi.com.mx/detalle/41032-73-1d375e2a6c9a-87e1-19278ae-adee-7388,20.967272850961663,-89.62331672289149
Lote / Terreno en Venta en Noc Ac,43180000.0,127000.0,340.0,Mérida,https://www.lamudi.com.mx/detalle/41032-73-f424377c7c5e-66b7-193503c-a03f-7494,20.967166538827023,-89.62382628947894
Casa en Condominio en Venta en Cholul,8900000.0,320.0,27812.5,Cholul,https://www.lamudi.com.mx/detalle/41032-73-13d0f5301ecf-d3f8-19a70c9-9389-7936,21.045769449762638,-89.5512637968539
Casa en Venta en Cholul,9200000.0,1963.0,4686.7,Cholul,https://www.lamudi.com.mx/detalle/41032-73-e4749e801c81-56fe-18fbcff-b81a-7812,21.045485733530615,-89.55112286277303
Casa en Venta en Dzitya,4790000.0,167.0,28682.63,Mérida,https://www.lamudi.com.mx/detalle/41032-73-63f74d5f2377-4aec-193b3ba-b265-70af,20.96723071563203,-89.62398429021677
Departamento en Venta en Temozon Norte,2140000.0,47.0,45531.91,Mérida,https://www.lamudi.com.mx/detalle/41032-73-21037ca87b6b-12a3-af614031-8376-339f,20.966700200219783,-89.62349368502606
Departamento en Venta en Temozon Norte,2049000.0,51.0,40176.47,Mérida,https://www.lamudi.com.mx/detalle/41032-73-5b88824bdef7-57c3-198ca72-bad9-7e70,20.96749337967972,-89.62397441060554
Casa en Venta en Vicente Solis,3500000.0,321.0,10903.43,Centro,https://www.lamudi.com.mx/detalle/41032-73-91ca7edfa95e-6b90-195f9f0-a451-7bdc,20.967799136503768,-89.62419881424272
Casa en Venta en Temozon Norte,3600000.0,143.0,25174.83,Centro,https://www.lamudi.com.mx/detalle/41032-73-79aa5b5dbeab-3931-329d9a9f-9989-3875,20.967199238878163,-89.62414822614139
Casa en Venta en Mérida Centro,6800000.0,290.72,23390.2,Mérida Centro,https://www.lamudi.com.mx/detalle/41032-73-5eff254b6cd7-2ca2-5fe80fd4-9bfd-365b,20.96719698535217,-89.62370503829257
Departamento en Venta en Chablekal,4640903.0,84.0,55248.85,Mérida,https://www.lamudi.com.mx/detalle/41032-73-c687226fccd1-f2f0-195f2c4-8e1d-79dd,20.966819911639888,-89.62361130571703
Lote / Terreno en Venta en Temozon Norte,2964700.0,6000.0,494.12,Cabo Norte,https://www.lamudi.com.mx/detalle/41032-73-3821ca046413-51fa-1962625-b19a-79de,21.03787247816749,-89.59342936230588
Departamento en Venta en Jardines Del Norte,2120000.0,51.0,41568.63,Temozón Norte,https://www.lamudi.com.mx/detalle/41032-73-8c0464a813e2-c931-19b67dc-b7fe-798e,21.065697482396086,-89.63378050722643
Departamento en Venta en Juan B Sosa,2490000.0,74.23,33544.39,Mérida,https://www.lamudi.com.mx/detalle/41032-73-1720815b9103-3552-199ad0f-8702-7257,20.967453547584384,-89.62376143896542
Departamento en Venta en Temozon Norte,2511200.0,102.0,24619.61,Altabrisa,https://www.lamudi.com.mx/detalle/41032-73-9fe23ad1f6b5-189e-16510179-8557-3f65,21.01779938068571,-89.58521128376805
Lote / Terreno en Venta en Tixcuytun,1490400.0,345.0,4320.0,Mérida,https://www.lamudi.com.mx/detalle/41032-73-124f85345a99-96e6-3405b941-b021-3890,20.96701479928301,-89.62377670607326
Departamento en Venta en Montes de Ame,4750000.0,83.0,57228.92,Centro,https://www.lamudi.com.mx/detalle/41032-73-1adc441fa2-6a8-196f5ca-bfe7-714e,20.96752882291537,-89.62338093607433
Departamento en Venta en Temozon Norte,2199000.0,65.72,33460.13,Temozón Norte,https://www.lamudi.com.mx/detalle/41032-73-c7d58feac880-acd8-b677fd41-8b44-3492,21.065230963692585,-89.63414287603125
Lote / Terreno en Venta en Tamanche,1890000.0,360.0,5250.0,Temozón Norte,https://www.lamudi.com.mx/detalle/41032-73-1623adbf4f2b-9937-19ae225-98bb-70e5,21.06593339291067,-89.63410207963103
Departamento en Venta en Santa Gertrudis Copo,2495000.0,79.0,31582.28,Santa Gertrudis Copó,https://www.lamudi.com.mx/detalle/41032-73-36583a28bc97-a137-197673e-8c2e-7169,21.02546923461668,-89.59509548711932
Casa en Venta en Dzitya,4890000.0,328.9,14867.74,Dzityá,https://www.lamudi.com.mx/detalle/41032-73-7faf90ac4ce7-3a4d-1928e3e-94ee-78ee,21.050605180488883,-89.6802394922201
Casa en Venta en Temozon Norte,7500000.0,342.0,21929.82,Mérida,https://www.lamudi.com.mx/detalle/41032-73-a3ede831b0ce-44c6-bd12dda0-82bc-3ae8,20.966742711616952,-89.62416301320975
Casa en Venta en Temozon Norte,14345700.0,453.0,31668.21,Mérida,https://www.lamudi.com.mx/detalle/41032-73-df7989aec0d7-23a2-197a06a-b18b-7824,20.967409541311486,-89.623441564211
Departamento en Venta en Chablekal,10046377.0,207.74,48360.34,Mérida,https://www.lamudi.com.mx/detalle/41032-73-9ed3184791f6-b32-57d1c4af-af55-305e,20.96755644444078,-89.62388429544569
Casa en Venta en Cholul,5350000.0,196.0,27295.92,Cholul,https://www.lamudi.com.mx/detalle/41032-73-58881acef271-1735-a68a1fa-87fc-341c,21.04572976605603,-89.55150311402933
Departamento en Venta en Temozon Norte,2998600.0,65.0,46132.31,Mérida,https://www.lamudi.com.mx/detalle/41032-73-ae8b877d7c68-3d8f-194fe0a-80f0-729e,20.966924646137524,-89.62420671698233
Lote / Terreno en Venta en Komchen,2098000.0,421.21,4980.89,Centro,https://www.lamudi.com.mx/detalle/41032-73-671268848b9a-f2d0-1932d8e-9f36-752e,20.967572988909897,-89.62419958686101
Lote / Terreno en Venta en Dzitya,2600000.0,915.87,2838.83,Mérida,https://www.lamudi.com.mx/detalle/41032-73-6101011f200e-ea3b-1905cd1-adc8-7e0b,20.967047372692523,-89.62349240895425
Departamento en Venta en Temozon Norte,2580000.0,56.29,45834.07,Mérida,https://www.lamudi.com.mx/detalle/41032-73-c8d14c11d8be-94e6-65776622-abba-372b,20.967546054603417,-89.62343920727952
Departamento en Venta en Temozon Norte,2595000.0,83.0,31265.06,Temozón Norte,https://www.lamudi.com.mx/detalle/41032-73-d672c3522ec-8be9-1961de8-a615-7414,21.065352301237688,-89.63344340505965
Departamento en Venta en Villas La Hacienda,2899000.0,75.0,38653.33,Mérida,https://www.lamudi.com.mx/detalle/41032-73-7e87a6eba664-9991-1936676-ba1b-7c97,20.967088317917128,-89.62419703641332
Departamento en Venta en Temozon Norte,1799000.0,43.0,41837.21,Mérida,https://www.lamudi.com.mx/detalle/41032-73-773e29341d15-6b26-19aa467-ad6e-7c1c,20.967174719719736,-89.62354246426266
Lote / Terreno en Venta en Yucatán Country Club,5000000.0,660.86,7565.9,Country Club,https://www.lamudi.com.mx/detalle/41032-73-43d19014ce41-f71e-197d34e-9fd9-7dbd,21.08007567841125,-89.60004619805848
Casa en Venta en Cholul,3485000.0,164.0,21250.0,Cholul,https://www.lamudi.com.mx/detalle/41032-73-f3a05c7554af-7e26-691512ed-bbfc-383b,21.04596125583639,-89.55154750894741
Lote / Terreno en Venta en Chablekal,3256770.0,1973.8,1650.0,Centro,https://www.lamudi.com.mx/detalle/41032-73-a62ed68272d0-cfc4-1907664-9b54-72b2,20.96793934163082,-89.62411333789194
Departamento en Venta en Temozon Norte,1649000.0,7.27,226822.56,Mérida,https://www.lamudi.com.mx/detalle/41032-73-67b16ddea3ec-6d58-196846f-b729-745b,20.96674443948841,-89.62399932529894
Departamento en Venta en Chablekal,13223135.0,274.66,48143.65,Mérida,https://www.lamudi.com.mx/detalle/41032-73-1ad42b9f1d1d-34a3-9efa2784-ab25-3090,20.966705423322214,-89.62357474838441
Casa en Condominio en Venta en Club de Golf La Ceiba,14900000.0,482.0,30912.86,Mérida,https://www.lamudi.com.mx/detalle/41032-73-8f316f023efa-4234-19917b1-950e-733a,20.96724075394087,-89.6233170289902
Casa en Venta en Dzitya,4950000.0,233.0,21244.64,Mérida,https://www.lamudi.com.mx/detalle/41032-73-7279daf0a282-d8d4-18fbcf6-bbaa-79b0,20.966806750338336,-89.62388092828942
Casa en Venta en Mérida Centro,8650000.0,170.0,50882.35,Mérida Centro,https://www.lamudi.com.mx/detalle/41032-73-cfd0383dbfcc-adfa-1974313-8750-7447,20.968094455246224,-89.62360326413962
Departamento en Venta en Dzitya,1698300.0,45.0,37740.0,Centro,https://www.lamudi.com.mx/detalle/41032-73-8b1df84129b0-6611-1932368-b454-742e,20.96784342555014,-89.62358887223789
Lote / Terreno en Venta en Cholul,1091688.0,240.0,4548.7,Cholul,https://www.lamudi.com.mx/detalle/41032-73-d4075a90850d-f4a-6e41ac56-bd8c-3a97,21.04580351135924,-89.55193928608894
Lote / Terreno en Venta en Chablekal,1995751.0,10000.0,199.58,Mérida,https://www.lamudi.com.mx/detalle/41032-73-2008ee836622-1c3b-cb9da76-a4ca-3185,20.966593605728697,-89.6238646823386
Lote / Terreno en Venta en Chichi Suárez,8970000.0,138000.0,65.0,Mérida,https://www.lamudi.com.mx/detalle/41032-73-aa627f55e42-288f-19b7c94-be81-7c4b,20.967425536328413,-89.62422875323185
Casa en Venta en Temozon Norte,4700000.0,200.0,23500.0,Mérida,https://www.lamudi.com.mx/detalle/41032-73-4f1f83b73043-15a5-d17cc077-9b40-3de4,20.96694189086381,-89.62339848426181
Casa en Venta en Dzitya,3400000.0,189.29,17961.86,Centro,https://www.lamudi.com.mx/detalle/41032-73-33d15c0b1197-ba00-33c77009-a748-3c04,20.967605875927156,-89.62395491551756
Casa en Venta en Komchen,10270000.0,464.0,22133.62,Mérida,https://www.lamudi.com.mx/detalle/41032-73-24f48ac4624-c18c-1953b6e-b59e-7d1e,20.96753565200695,-89.62342801396179
Casa en Venta en Dzitya,8195000.0,526.0,15579.85,Mérida,https://www.lamudi.com.mx/detalle/41032-73-7ab040d5fd78-faf6-decf92a2-b291-3c0d,20.9672957744367,-89.62387816798673
Departamento en Venta en Temozon Norte,2699000.0,77.64,34763.01,Mérida,https://www.lamudi.com.mx/detalle/41032-73-158f1948250c-2963-c8713d05-ab2f-3801,20.96702418036379,-89.62405178541145
Casa en Venta en Temozon Norte,6399000.0,300.0,21330.0,Centro,https://www.lamudi.com.mx/detalle/41032-73-97a6fc21de23-ee86-1953c1d-bc6a-7161,20.967563463693786,-89.62353503486064
Casa en Venta en Temozon Norte,5136000.0,188.76,27209.15,Mérida,https://www.lamudi.com.mx/detalle/41032-73-c262b36884b6-6d9b-7a6b89b5-b3ab-3ab5,20.967172696842635,-89.62363707095625
Casa en Venta en Dzitya,5450000.0,339.36,16059.64,Centro,https://www.lamudi.com.mx/detalle/41032-73-6e5a546ca029-906f-8a8eaee9-8d3d-3ff9,20.967541699189805,-89.62396996213727
Departamento en Venta en Juan B Sosa,2420000.0,74.23,32601.37,Mérida,https://www.lamudi.com.mx/detalle/41032-73-f6d9e8baef6b-4e24-4e6087e-9096-3dfc,20.966713687820995,-89.62334067611255
Departamento en Venta en Temozon Norte,2340000.0,81.0,28888.89,Centro,https://www.lamudi.com.mx/detalle/41032-73-20a2d8986e13-60b6-1eadc226-a23f-3fe0,20.967911298557468,-89.62379836147502
Departamento en Venta en Temozon Norte,3102000.0,65.21,47569.39,Mérida,https://www.lamudi.com.mx/detalle/41032-73-63fc6013efc1-bba6-18f3260-a5e4-775d,20.966721030575002,-89.62345592628198
Casa en Venta en Cholul,3890000.0,237.0,16413.5,Cholul,https://www.lamudi.com.mx/detalle/41032-73-b3a838171341-5030-193708d-94aa-7702,21.045165898051277,-89.55143105801233
Departamento en Venta en Temozon Norte,2450000.0,72.0,34027.78,Temozón Norte,https://www.lamudi.com.mx/detalle/41032-73-5b8b3e07d181-245c-19b2f5c-9a82-7ed6,21.065578137590286,-89.63392860630714
Departamento en Venta en Temozon Norte,2124000.0,57.0,37263.16,Centro,https://www.lamudi.com.mx/detalle/41032-73-b78fea29f882-b107-197435f-8468-7f2b,20.967112998244605,-89.6236229445154
Lote / Terreno en Venta en Parque Central,1710000.0,342.0,5000.0,Centro,https://www.lamudi.com.mx/detalle/41032-73-94f1fef5cc9d-a91a-1978356-a55a-75ed,20.967449028002896,-89.62389630851055
Departamento en Venta en San Antonio Cucul,2924600.0,50.0,58492.0,Mérida,https://www.lamudi.com.mx/detalle/41032-73-35d7696741a9-6eb2-19a7b95-a9fa-7661,20.96746262140802,-89.6241730777293
Lote / Terreno en Venta en Sierra Papacal,4250000.0,87.3,48682.7,Mérida,https://www.lamudi.com.mx/detalle/41032-73-d35d63b95ef5-d82c-ccbe4c65-9e4a-390c,20.966986358509175,-89.62418010569796
Lote / Terreno en Venta en Mérida,1335000.0,300.0,4450.0,Cabo Norte,https://www.lamudi.com.mx/detalle/41032-73-bd9d2fc66aa7-fb58-192779a-9510-7273,21.038071668986543,-89.59394925571894
Casa en Venta en Dzitya,9800000.0,557.79,17569.34,Centro,https://www.lamudi.com.mx/detalle/41032-73-c5771250031f-3c8f-199f47d-ba7c-731c,20.967508799396143,-89.62414288655476
Lote / Terreno en Venta en Dzidzilche,1700000.0,1000.0,1700.0,Mérida,https://www.lamudi.com.mx/detalle/41032-73-a6ef2eedb80b-fe1a-1925a7b-a8cc-7c43,20.96724066982102,-89.62382730192752
Lote / Terreno en Venta en Tamanche,1950000.0,460.51,4234.44,Mérida,https://www.lamudi.com.mx/detalle/41032-73-2252bbdde3d9-b5d8-1979610-a47f-7789,20.967031389943347,-89.62360918981875
Lote / Terreno en Venta en Xcunyá,2350000.0,400.0,5875.0,Country Club,https://www.lamudi.com.mx/detalle/41032-73-10042e7e40e8-c3db-194db8a-addb-727b,21.080973707610404,-89.60008779263757
Lote / Terreno en Venta en Xcunyá,1800000.0,779.0,2310.65,Mérida,https://www.lamudi.com.mx/detalle/41032-73-d928bbd3224d-6e27-19786c7-a8d3-784d,20.96670917954194,-89.62423082314537
Lote / Terreno en Venta en Tamanche,2000000.0,0.0,0.0,Mérida,https://www.lamudi.com.mx/detalle/41032-73-56b72cc92077-1a4d-19b7d65-969c-7b55,20.96755529431094,-89.6239303636088
Lote / Terreno en Venta en Sierra Papacal,2008084.0,5906.0,340.01,Altabrisa,https://www.lamudi.com.mx/detalle/41032-73-213eab438a1a-69b6-19b0609-ab95-7333,21.018672419138838,-89.5851502654009
Casa en Venta en Azcorra,5600000.0,252.2,22204.6,Centro,https://www.lamudi.com.mx/detalle/41032-73-e55fea33b28a-4545-194ed9a-8520-76fd,20.967874772755675,-89.62402531031988
Casa en Venta en Temozon Norte,15900000.0,254.26,62534.41,Centro,https://www.lamudi.com.mx/detalle/41032-73-3a4f95d383ec-6eae-19a4cd2-bfd3-7292,20.967926190923816,-89.62405590943389
Departamento en Venta en Temozon Norte,2185000.0,53.0,41226.42,Temozón Norte,https://www.lamudi.com.mx/detalle/41032-73-48ebbd121d60-befc-194f028-98dc-75ed,21.06559119287153,-89.63418428994432
Departamento en Venta en Temozon Norte,2290000.0,50.0,45800.0,Temozón Norte,https://www.lamudi.com.mx/detalle/41032-73-4b6b076f035c-ec0a-198c0fc-99c3-7721,21.065808883521843,-89.63361317016455
Casa en Venta en Mérida Centro,6100000.0,147.0,41496.6,Mérida Centro,https://www.lamudi.com.mx/detalle/41032-73-58ff212abb07-2c88-1970534-86d5-793e,20.96733683184387,-89.6235249494866
Departamento en Venta en Temozon Norte,3345000.0,91.0,36758.24,Temozón Norte,https://www.lamudi.com.mx/detalle/41032-73-6d70c35a5aa8-1e69-f932a3ac-88d9-329d,21.065007034723433,-89.63424481365955
Departamento en Venta en Xcumpich,3380000.0,75.7,44649.93,Mérida,https://www.lamudi.com.mx/detalle/41032-73-313850f77258-d062-19757f8-b199-7b5f,20.967476621529485,-89.62375381510658
Casa en Venta en Yucatán Country Club,4287000.0,214.0,20032.71,Country Club,https://www.lamudi.com.mx/detalle/41032-73-faa28d8d5f08-2cad-19660db-85a9-792e,21.080686800242315,-89.6007723632473
Casa en Venta en Tixcuytun,5849000.0,279.0,20964.16,Mérida,https://www.lamudi.com.mx/detalle/41032-73-afda9d5e5f52-498-19ad7a8-a85a-798c,20.966642419402977,-89.62352336845036
Lote / Terreno en Venta en Cholul,3543600.0,1181.2,3000.0,Cholul,https://www.lamudi.com.mx/detalle/41032-73-294d35febd35-9f4-1978620-82a8-79d5,21.045658251768767,-89.55114378207458
Casa en Venta en Cholul,4850000.0,265.0,18301.89,Cholul,https://www.lamudi.com.mx/detalle/41032-73-d94b364a009a-8154-19a70b6-9a9a-7162,21.04527900746858,-89.55158479408418
Lote / Terreno en Venta en Cholul,1045300.0,259.71,4024.87,Cholul,https://www.lamudi.com.mx/detalle/41032-73-ab0d31b07a77-6783-195d0e4-b7e8-723c,21.045781616219102,-89.55174737926731
Departamento en Venta en Santa Gertrudis Copo,2390000.0,68.0,35147.06,Mérida,https://www.lamudi.com.mx/detalle/41032-73-467e589a2826-c215-33107edc-adf9-3f5c,20.96729303254987,-89.62416716730009
Departamento en Venta en Yucatán Country Club,2050000.0,62.0,33064.52,Centro,https://www.lamudi.com.mx/detalle/41032-73-2179462c227b-d13c-1952bd7-8c11-790a,20.96746640403574,-89.62381705040578
Departamento en Venta en Cholul,2490000.0,64.0,38906.25,Cholul,https://www.lamudi.com.mx/detalle/41032-73-b30cc900267e-e81b-196440d-9cc0-7681,21.045232630503612,-89.55207061708357
Lote / Terreno en Venta en Cholul,3600000.0,898.42,4007.03,Cholul,https://www.lamudi.com.mx/detalle/41032-73-c021c0037895-b0a8-199e594-8c41-7888,21.045887891253507,-89.55136115139739
Departamento en Venta en Temozon Norte,3150000.0,90.0,35000.0,Temozón Norte,https://www.lamudi.com.mx/detalle/41032-73-3b389e8b5f92-d185-197dd89-8345-7a2b,21.06503494780416,-89.63357345915817
Casa en Venta en Mérida Centro,8650000.0,170.0,50882.35,Mérida Centro,https://www.lamudi.com.mx/detalle/41032-73-3ab90d3e0c8-f25b-1983f7f-ac42-7996,20.967919463647252,-89.62323045361344
Casa en Venta en Cholul,3980000.0,225.0,17688.89,Cholul,https://www.lamudi.com.mx/detalle/41032-73-aab2f04163f0-537a-1970fc8-8bb6-749c,21.045837848898326,-89.55130650113358
Lote / Terreno en Venta en Santa Cruz Palomeque,12744667.0,45724.78,278.73,Mérida,https://www.lamudi.com.mx/detalle/41032-73-c33927e3fe23-73c-19acae8-bd75-7840,20.967276132599682,-89.62332264825135
Casa en Venta en Cholul,4050000.0,189.0,21428.57,Cholul,https://www.lamudi.com.mx/detalle/41032-73-9dd84bfa496b-988a-197f786-9c19-738c,21.04568160980628,-89.55150367663077
Casa en Venta en Dzitya,4790000.0,292.0,16404.11,Dzityá,https://www.lamudi.com.mx/detalle/41032-73-ea7620f62763-a003-197ed2b-9dc3-7dee,21.050840845970438,-89.68063789371107
Lote / Terreno en Venta en Dzitya,4325000.0,1730.0,2500.0,Centro,https://www.lamudi.com.mx/detalle/41032-73-e7974de1b819-128a-199d114-8e56-7286,20.967777953416153,-89.62348259267712
Casa en Venta en Las Américas,3500000.0,118.0,29661.02,Centro,https://www.lamudi.com.mx/detalle/41032-73-6c82c1fc206-72ba-197c8fa-8e81-7dfa,20.967947484829452,-89.62326443626318
